loan_id,age,income,employment_years,credit_score,loan_amount,loan_term_months,interest_rate,debt_to_income,home_ownership,loan_purpose,previous_defaults,loan_status
L000950,22,138348,5,691,33905,36,15.84,0.53,Rent,Home,2,1
L000503,41,87791,12,800,34074,60,12.94,0.78,Rent,Auto,0,0
L000328,27,90692,8,375,14052,36,17.09,0.7,Own,Auto,0,0
L000898,55,119786,37,719,11111,24,14.58,0.22,Rent,Personal,0,0
L000118,69,54755,15,446,24194,60,8.33,0.71,Own,Business,0,1
L000955,25,17683,29,721,2118,12,11.6,0.57,Own,Auto,0,1
L000909,21,109673,35,500,41134,36,3.2,0.57,Rent,Home,0,0
L000283,49,76692,15,595,20431,36,16.3,0.28,Rent,Business,2,0
L000919,32,45879,12,428,11141,12,15.74,0.78,Mortgage,Education,1,1
L000124,24,31875,14,494,48627,36,9.13,0.29,Mortgage,Auto,1,1
L000748,52,90998,5,372,35099,24,16.44,0.71,Rent,Home,2,1
L000365,46,142446,31,447,2798,12,12.62,0.13,Own,Business,0,1
L000986,28,103957,32,723,26602,60,8.16,0.07,Mortgage,Personal,1,1
L000142,34,20817,25,313,28077,36,9.04,0.46,Mortgage,Business,0,1
L000399,28,119968,25,709,19346,24,17.87,0.75,Mortgage,Education,1,1
L000857,61,15169,32,342,1974,24,11.15,0.79,Rent,Education,2,1
L000866,41,102761,12,589,39191,24,14.57,0.73,Mortgage,Education,0,0
L000722,51,47911,39,400,4487,12,5.11,0.71,Mortgage,Education,0,1
L000752,54,133855,1,400,29402,24,8.47,0.45,Own,Education,1,1
L000920,44,61544,13,463,1781,24,12.84,0.64,Mortgage,Auto,0,0
L000532,49,71190,14,411,21002,60,15.81,0.54,Mortgage,Education,0,1
L000938,70,96316,7,660,4689,12,4.62,0.5,Own,Personal,1,1
L000341,64,42675,4,315,14588,12,17.75,0.28,Rent,Auto,1,1
L000161,38,135631,9,806,4101,60,5.7,0.32,Mortgage,Education,0,0
L000486,37,148153,15,428,3763,12,13.86,0.22,Rent,Business,0,1
L000488,23,135917,15,810,42414,36,17.67,0.76,Mortgage,Business,0,1
L000492,52,61042,12,666,7079,12,13.65,0.24,Own,Home,0,0
L000109,30,57875,27,754,48286,24,4.16,0.29,Rent,Personal,1,1
L000585,53,17830,7,612,31045,24,10.7,0.26,Own,Auto,0,0
L000105,51,91405,9,341,33029,60,14.09,0.69,Rent,Education,1,1
L000960,56,76582,32,479,10125,12,17.81,0.61,Rent,Auto,2,0
L000180,66,72719,11,384,37073,60,7.38,0.58,Rent,Education,2,1
L000953,49,42298,9,563,21561,24,5.74,0.69,Rent,Business,0,1
L000647,32,55074,20,831,32826,12,4.41,0.07,Own,Education,1,1
L000575,36,117723,17,802,36165,60,5.79,0.68,Own,Home,0,1
L000163,66,102157,16,308,41922,60,11.01,0.72,Rent,Auto,2,1
L000523,30,99950,39,470,13475,36,4.7,0.21,Rent,Auto,1,0
L000661,33,99288,39,647,11845,60,9.24,0.52,Mortgage,Personal,0,1
L000106,57,33137,10,445,13686,24,9.67,0.24,Mortgage,Auto,0,1
L000417,31,110243,30,346,46916,36,3.9,0.75,Rent,Home,1,0
L000469,49,53107,21,371,17997,60,8.61,0.07,Mortgage,Home,2,0
L000992,42,108450,24,583,4359,60,6.62,0.4,Mortgage,Home,0,0
L000275,23,117870,1,495,12042,36,13.43,0.7,Rent,Home,0,1
L000733,23,42839,8,799,14367,12,4.65,0.48,Mortgage,Education,1,0
L000035,30,123144,23,588,32008,24,9.1,0.41,Own,Personal,0,0
L000930,68,117789,33,438,5043,24,3.67,0.41,Rent,Auto,1,1
L000774,70,142371,31,416,36319,12,15.0,0.1,Rent,Auto,2,1
L000412,66,88467,5,793,33301,60,5.45,0.52,Own,Education,1,1
L000728,38,146501,24,339,38613,24,9.28,0.53,Mortgage,Auto,0,1
L000316,46,131452,15,699,44534,12,12.66,0.38,Rent,Business,2,1
L000681,22,42307,25,486,20890,12,8.82,0.73,Mortgage,Auto,2,1
L000178,21,41099,22,463,35106,12,5.05,0.5,Mortgage,Business,0,0
L000291,27,78910,30,454,11728,24,3.85,0.38,Own,Auto,0,1
L000619,61,121709,5,598,2586,12,4.02,0.07,Rent,Home,0,0
L000807,34,138062,37,302,2359,12,9.2,0.38,Own,Personal,0,1
L000356,64,30469,27,670,31409,60,10.67,0.67,Own,Education,2,1
L000460,55,141850,9,372,43926,36,4.76,0.26,Own,Home,0,0
L000571,58,93224,38,339,34538,60,12.69,0.31,Own,Business,1,1
L000126,34,33634,25,362,18519,24,17.68,0.37,Own,Business,0,1
L000873,52,81391,35,738,4515,12,12.74,0.31,Rent,Business,0,0
L000890,66,68762,21,765,38736,12,4.79,0.79,Mortgage,Home,0,1
L000998,21,18354,36,523,3423,12,14.59,0.33,Own,Business,2,1
L000172,68,44016,40,703,47085,60,17.57,0.77,Own,Education,1,0
L000529,41,71586,9,650,21072,24,10.29,0.31,Mortgage,Auto,2,1
L000822,50,144537,35,761,20549,12,14.3,0.43,Rent,Personal,1,1
L000113,27,126527,18,554,5971,12,6.36,0.78,Rent,Home,0,1
L000688,59,148050,13,797,13670,60,14.3,0.26,Own,Home,2,1
L000568,44,71274,26,554,10901,24,5.88,0.57,Mortgage,Home,2,1
L000082,22,55227,17,385,17691,12,13.79,0.4,Rent,Personal,0,1
L000764,69,78826,29,363,26338,60,10.83,0.18,Mortgage,Auto,2,0
L000812,43,107601,14,397,19623,24,3.45,0.35,Own,Home,1,1
L000981,57,80711,26,442,39430,12,15.02,0.49,Mortgage,Education,2,0
L000042,70,121346,12,570,13831,24,15.39,0.53,Own,Personal,0,0
L000251,31,48966,9,382,44571,24,8.21,0.38,Rent,Education,0,1
L000305,69,117071,39,765,23246,24,17.43,0.46,Rent,Business,0,0
L000390,70,25321,36,473,14681,60,8.67,0.11,Rent,Personal,2,1
L000127,23,145523,39,690,15551,36,14.16,0.05,Mortgage,Auto,0,0
L000444,58,99381,16,300,48650,12,5.12,0.44,Own,Home,0,1
L000462,57,56749,38,753,41347,36,10.98,0.66,Own,Education,1,1
L000310,40,34791,5,457,12109,24,3.17,0.3,Mortgage,Business,0,1
L000797,52,34115,35,775,19058,36,16.31,0.44,Mortgage,Personal,2,0
L000975,51,21653,9,832,3783,12,7.01,0.26,Own,Business,1,1
L000184,44,45856,25,778,2648,36,9.08,0.68,Rent,Auto,0,1
L000295,32,102485,25,439,11466,12,10.85,0.69,Own,Home,0,1
L000609,39,16572,24,506,10643,60,10.38,0.61,Own,Auto,0,0
L000197,46,86665,5,378,23450,12,3.4,0.24,Own,Education,1,1
L000974,58,39870,37,715,13010,36,16.56,0.29,Mortgage,Business,2,0
L000902,55,136750,0,838,27596,12,6.07,0.79,Mortgage,Auto,1,1
L000818,43,124299,1,806,43143,24,6.64,0.57,Own,Home,0,1
L000867,66,72523,18,747,40229,60,3.37,0.74,Mortgage,Personal,0,1
L000877,52,43662,34,696,4235,12,6.09,0.59,Rent,Home,0,0
L000319,45,98064,17,481,6279,12,15.34,0.66,Mortgage,Business,1,0
L000802,23,18153,22,495,28081,36,8.19,0.78,Mortgage,Personal,0,1
L000062,49,100375,37,533,43996,12,10.17,0.07,Own,Business,1,0
L000679,49,59607,21,413,14061,36,15.13,0.62,Rent,Auto,0,0
L000809,21,70794,35,443,33607,36,12.8,0.7,Mortgage,Auto,0,0
L000474,68,95237,37,520,3373,60,17.75,0.13,Rent,Personal,0,0
L000160,68,24072,20,731,42214,24,9.95,0.12,Mortgage,Personal,2,1
L000507,68,19754,26,695,35516,36,16.64,0.2,Own,Personal,1,0
L000576,44,36371,20,378,45637,60,15.54,0.34,Rent,Auto,0,0
L000254,53,115148,36,779,43520,36,13.11,0.5,Rent,Auto,1,1
L000907,23,62873,0,641,32535,12,14.27,0.16,Rent,Education,1,1
L000971,52,146759,5,331,5849,12,13.33,0.51,Rent,Personal,0,1
L000657,21,67913,29,757,31563,24,12.0,0.32,Mortgage,Business,1,1
L000407,66,122722,13,392,33043,12,15.96,0.14,Mortgage,Education,0,0
L000835,54,58819,4,669,5134,60,3.49,0.45,Own,Personal,0,0
L000879,57,65715,24,378,25189,24,5.6,0.42,Rent,Auto,0,0
L000263,40,57497,24,563,6766,24,14.5,0.46,Own,Education,0,1
L000824,28,87675,25,756,41738,36,12.1,0.79,Mortgage,Business,0,1
L000742,31,113563,0,347,25703,60,15.16,0.35,Mortgage,Business,0,1
L000196,48,61987,38,427,32766,36,14.35,0.57,Mortgage,Home,1,1
L000552,43,18283,20,602,17121,12,5.95,0.3,Mortgage,Home,2,1
L000574,25,37972,2,393,9820,24,8.85,0.24,Mortgage,Business,1,1
L000422,37,104225,20,689,43038,60,9.84,0.65,Rent,Auto,0,1
L000600,24,77956,5,849,43864,60,8.76,0.31,Mortgage,Home,1,0
L000948,45,19181,8,845,19674,36,9.34,0.61,Mortgage,Home,0,0
L000389,24,121478,28,572,17963,12,5.08,0.44,Mortgage,Education,1,1
L000207,38,147923,20,615,3046,12,9.64,0.18,Rent,Business,0,0
L000323,66,64082,28,618,15930,60,17.16,0.21,Rent,Personal,2,1
L000243,28,136344,9,588,14513,60,7.45,0.64,Rent,Personal,2,1
L000578,48,126201,14,710,23251,60,6.14,0.38,Mortgage,Business,1,1
L000188,52,63814,6,716,48680,36,11.57,0.27,Mortgage,Auto,0,0
L000651,48,66339,22,478,22411,24,15.84,0.22,Mortgage,Business,0,1
L000075,33,39566,33,432,20755,36,14.1,0.77,Rent,Personal,0,1
L000791,31,141805,19,625,1971,60,14.91,0.31,Own,Auto,0,0
L000533,43,82337,28,405,4965,60,9.53,0.66,Rent,Education,0,0
L000838,50,112252,29,677,44197,12,12.66,0.22,Own,Personal,2,1
L000686,43,145296,22,403,13630,24,11.37,0.39,Own,Home,0,0
L000787,41,90071,32,344,33689,24,13.73,0.09,Rent,Personal,0,1
L000689,57,37818,13,527,11936,36,15.05,0.79,Rent,Education,2,1
L000872,45,112815,34,770,44122,36,17.97,0.4,Mortgage,Home,1,0
L000698,41,124928,33,702,1034,12,3.6,0.17,Rent,Personal,0,0
L000084,66,90431,25,420,2902,60,13.95,0.2,Own,Auto,0,1
L000177,55,113381,7,684,36972,60,14.47,0.2,Mortgage,Auto,0,0
L000762,31,108655,17,656,2450,36,8.75,0.53,Rent,Business,1,0
L000696,31,22909,17,631,49510,60,3.18,0.22,Mortgage,Auto,1,0
L000539,57,24871,7,390,23362,12,16.98,0.31,Own,Auto,0,0
L000775,23,78369,17,661,45444,12,11.65,0.61,Own,Education,0,0
L000343,43,148600,2,370,35499,36,4.75,0.07,Own,Education,1,1
L000402,31,137289,7,636,29890,60,3.4,0.11,Own,Business,0,0
L000439,39,103808,19,845,25688,60,3.54,0.42,Rent,Personal,2,1
L000718,37,88088,4,793,19468,60,15.71,0.42,Mortgage,Business,0,0
L000531,38,20552,23,638,9689,12,13.65,0.78,Rent,Education,0,0
L000798,27,148419,1,574,33768,60,15.59,0.14,Rent,Education,0,0
L000853,38,80950,27,584,25982,60,15.49,0.15,Rent,Personal,1,1
L000565,31,72053,15,539,44174,24,6.26,0.16,Mortgage,Auto,2,1
L000677,32,66811,29,320,39409,36,12.09,0.09,Own,Home,1,1
L000799,33,75329,15,383,36232,12,7.24,0.57,Mortgage,Business,0,0
L000750,59,34185,15,672,28947,60,8.81,0.73,Own,Home,0,1
L000206,47,139538,21,593,2967,36,13.49,0.72,Rent,Personal,0,1
L000713,64,38706,12,629,36809,12,13.67,0.18,Mortgage,Auto,2,1
L000387,23,42220,11,548,41565,36,10.92,0.15,Own,Auto,1,0
L000284,47,40735,30,732,25296,12,10.26,0.14,Rent,Auto,0,0
L000052,63,15108,22,583,21898,36,4.27,0.43,Own,Auto,2,1
L000610,64,132573,20,400,26167,60,17.58,0.47,Own,Home,2,1
L000886,58,51069,30,563,13464,60,9.18,0.24,Mortgage,Education,1,1
L000726,68,50684,31,744,7008,60,5.95,0.4,Mortgage,Business,0,0
L000213,55,107436,39,790,41177,36,6.06,0.37,Own,Auto,0,0
L000638,68,148460,20,607,39570,36,12.15,0.43,Rent,Business,1,0
L000355,39,106450,30,613,47424,60,16.06,0.79,Rent,Education,1,0
L000892,37,19337,17,376,37547,24,16.22,0.74,Own,Education,1,0
L000882,57,144751,9,782,5283,12,16.49,0.78,Mortgage,Business,1,1
L000385,38,137681,35,818,19345,36,17.52,0.35,Mortgage,Home,2,0
L000111,61,21480,0,645,2747,24,3.3,0.12,Rent,Business,0,0
L000897,24,79563,28,319,15523,12,9.82,0.68,Own,Personal,0,1
L000401,49,125352,9,363,36805,60,3.87,0.12,Own,Education,1,0
L000061,68,113669,37,653,43524,12,11.33,0.8,Rent,Education,0,0
L000360,43,80526,16,305,48371,24,7.47,0.32,Mortgage,Auto,1,1
L000285,68,41372,11,495,39544,24,17.58,0.75,Own,Business,0,1
L000702,24,136771,35,356,38421,60,11.1,0.62,Rent,Auto,1,1
L000482,62,49886,24,647,19341,60,14.66,0.18,Rent,Home,1,0
L000508,39,50818,12,660,43228,60,12.8,0.52,Rent,Auto,0,1
L000865,53,130090,16,621,45749,36,13.67,0.57,Rent,Education,2,1
L000928,25,25218,15,446,43310,36,10.19,0.42,Rent,Personal,1,1
L000372,66,118847,19,564,46214,36,7.36,0.46,Mortgage,Home,0,1
L000837,26,54485,17,818,24132,24,8.77,0.5,Rent,Business,0,0
L000756,21,53742,36,693,41136,12,9.08,0.71,Rent,Business,1,0
L000817,37,59181,14,674,32082,60,7.14,0.35,Mortgage,Personal,1,0
L000136,52,137217,14,850,15767,24,7.81,0.61,Rent,Auto,1,1
L000935,50,90978,33,469,38306,60,16.63,0.57,Rent,Auto,1,1
L000261,54,80709,5,321,32014,12,17.24,0.67,Own,Home,2,1
L000642,36,18118,3,748,17918,60,4.16,0.08,Mortgage,Education,0,0
L000123,68,63487,14,698,3033,24,4.19,0.11,Rent,Personal,1,0
L000932,59,105643,11,739,11725,24,14.36,0.25,Own,Home,2,0
L000214,29,131577,10,440,42145,36,12.7,0.43,Own,Personal,2,1
L000259,21,109671,26,622,30984,60,5.73,0.32,Mortgage,Business,0,0
L000314,69,141729,22,436,44650,12,4.94,0.62,Mortgage,Auto,0,0
L000760,55,116491,26,771,27199,36,6.24,0.27,Own,Personal,0,0
L000810,38,135736,0,560,20678,36,5.91,0.62,Own,Education,1,0
L000547,25,122556,4,344,47231,60,17.45,0.23,Rent,Personal,0,1
L000968,57,109108,33,558,42901,24,17.34,0.77,Own,Business,2,1
L000022,47,41470,34,823,21640,36,12.44,0.2,Mortgage,Education,2,1
L000784,65,74216,15,676,35109,36,11.55,0.51,Own,Personal,1,1
L000504,66,50556,24,764,3013,12,6.55,0.72,Own,Personal,0,1
L000749,40,128222,38,676,13427,36,5.55,0.54,Mortgage,Business,1,0
L000940,67,118505,10,622,43620,36,11.12,0.38,Mortgage,Education,0,0
L000168,26,48653,31,396,30436,12,6.9,0.33,Own,Auto,0,1
L000876,53,75782,33,509,21712,60,15.56,0.58,Rent,Auto,2,1
L000546,37,141069,6,520,48249,60,15.13,0.28,Own,Auto,0,1
L000966,58,114909,27,326,27318,36,13.95,0.76,Own,Home,2,0
L000239,26,55431,10,667,31019,24,15.62,0.7,Mortgage,Business,0,1
L000517,52,142521,27,688,47049,24,8.76,0.6,Rent,Business,0,1
L000478,23,112333,26,375,22711,12,13.9,0.09,Own,Home,1,1
L000260,24,55107,20,521,18739,24,10.82,0.66,Mortgage,Personal,1,1
L000102,51,133416,37,645,3639,24,14.06,0.36,Own,Education,0,0
L000538,21,112416,16,400,27726,36,11.21,0.52,Rent,Home,2,1
L000191,63,136912,36,797,31504,12,9.91,0.69,Mortgage,Education,1,0
L000655,59,80061,39,352,24677,60,6.31,0.48,Mortgage,Auto,2,1
L000599,34,106930,10,631,1636,24,5.09,0.15,Rent,Business,0,0
L000796,23,73685,30,738,17277,24,13.61,0.66,Own,Auto,1,0
L000002,31,148113,14,411,21845,12,8.58,0.25,Mortgage,Personal,2,1
L000050,25,108669,6,506,4287,24,10.95,0.69,Rent,Education,1,0
L000891,50,106609,0,527,44019,12,13.31,0.08,Own,Auto,0,0
L000522,22,88030,15,385,6779,36,7.35,0.63,Mortgage,Auto,0,0
L000541,57,61475,19,460,31348,60,3.73,0.46,Mortgage,Business,1,1
L000226,67,86405,20,310,4227,60,17.95,0.78,Rent,Business,2,1
L000048,52,73946,16,795,45842,36,6.25,0.38,Mortgage,Personal,2,1
L000624,26,116952,3,649,13205,12,15.91,0.79,Rent,Auto,2,0
L000405,34,139895,26,665,12762,12,16.01,0.72,Own,Home,2,1
L000721,61,126157,19,505,6991,36,5.33,0.56,Own,Home,2,0
L000186,60,86016,34,328,6869,36,10.88,0.31,Rent,Education,0,1
L000577,47,97790,2,833,36499,12,12.01,0.17,Mortgage,Education,1,1
L000649,58,82793,12,303,23726,24,16.32,0.22,Rent,Auto,0,0
L000324,70,16373,39,667,16952,24,14.91,0.25,Mortgage,Business,2,1
L000746,64,142228,37,518,13599,12,5.77,0.25,Own,Auto,0,1
L000041,69,47256,35,418,18971,36,8.76,0.66,Mortgage,Auto,2,1
L000699,54,93754,33,593,30777,24,7.84,0.47,Own,Personal,0,0
L000267,30,49622,0,631,17469,36,15.92,0.14,Rent,Education,0,0
L000875,34,126685,8,465,47239,24,11.47,0.58,Own,Education,1,1
L000623,45,106367,4,523,29281,24,8.9,0.69,Mortgage,Business,1,1
L000101,34,149757,39,503,21688,24,6.5,0.19,Rent,Auto,0,1
L000564,26,103698,11,536,38777,36,7.54,0.62,Mortgage,Business,0,1
L000606,52,102017,12,592,21871,24,6.81,0.28,Own,Personal,0,0
L000229,21,100720,25,576,2618,36,3.71,0.19,Own,Home,0,1
L000720,57,65129,34,332,16833,60,17.76,0.29,Own,Auto,2,1
L000274,56,26060,22,559,13849,12,7.53,0.5,Own,Home,1,0
L000408,49,101179,36,389,47407,36,12.19,0.42,Rent,Education,0,1
L000215,44,67346,22,403,8073,12,14.3,0.11,Mortgage,Business,2,1
L000450,45,20609,33,688,22532,36,14.88,0.76,Mortgage,Education,0,1
L000428,59,130598,28,828,37339,36,16.55,0.22,Mortgage,Personal,0,0
L000979,69,59460,22,711,37178,24,12.71,0.56,Mortgage,Personal,0,1
L000711,23,121927,27,705,22132,36,6.54,0.72,Rent,Business,1,0
L000870,55,65373,4,331,38521,60,4.67,0.46,Mortgage,Personal,2,1
L000777,66,37560,22,434,35561,60,8.81,0.6,Own,Business,0,1
L000017,65,47392,29,836,7412,12,7.54,0.38,Rent,Auto,0,0
L000646,54,110519,22,631,28688,36,15.7,0.74,Rent,Home,1,1
L000209,60,134444,27,351,35842,24,5.98,0.75,Mortgage,Business,1,1
L000388,67,86054,10,478,15561,24,13.96,0.67,Own,Home,1,1
L000377,47,27871,10,329,46231,36,8.46,0.68,Own,Auto,1,0
L000703,42,116905,24,776,31218,24,11.27,0.42,Own,Business,1,0
L000345,34,147267,13,594,19264,12,12.45,0.78,Mortgage,Personal,0,1
L000614,50,95844,9,359,29414,24,13.72,0.21,Mortgage,Personal,0,1
L000231,51,89193,7,692,35879,36,16.78,0.67,Own,Personal,0,1
L000200,23,44632,32,763,32935,36,7.83,0.79,Own,Personal,0,1
L000556,35,138254,0,808,26175,24,6.33,0.59,Mortgage,Home,2,0
L000424,57,67041,37,456,33348,60,17.24,0.2,Mortgage,Personal,0,1
L000525,42,70193,34,411,34815,36,8.83,0.59,Rent,Personal,2,1
L000534,39,61827,34,404,18658,24,17.58,0.79,Mortgage,Education,0,1
L000464,62,125082,6,765,22960,24,6.45,0.16,Mortgage,Home,1,0
L000452,56,99937,36,529,4033,60,13.43,0.73,Rent,Auto,0,0
L000333,51,40010,16,379,12553,24,11.38,0.48,Rent,Business,1,1
L000447,39,129625,29,374,43820,12,6.28,0.18,Mortgage,Personal,1,0
L000985,48,115292,26,542,24076,24,11.92,0.22,Rent,Business,2,1
L000927,32,42236,38,380,46315,24,3.6,0.73,Rent,Home,0,1
L000621,33,145810,11,516,32513,24,4.59,0.22,Own,Business,1,0
L000108,53,105956,33,799,47408,60,7.76,0.53,Rent,Home,0,0
L000701,42,40186,0,809,34613,36,13.11,0.07,Rent,Auto,1,0
L000137,47,149767,32,372,30362,60,16.89,0.31,Rent,Business,0,1
L000098,69,143439,40,814,7525,36,17.32,0.44,Rent,Home,2,1
L000490,27,93137,10,490,23813,24,16.4,0.08,Rent,Auto,2,1
L000779,56,92069,29,718,20909,12,3.12,0.69,Mortgage,Business,0,1
L000502,23,24445,3,539,45829,24,4.23,0.52,Rent,Auto,0,1
L000887,63,76546,14,719,4075,60,6.76,0.19,Mortgage,Personal,0,0
L000298,63,114293,26,566,27511,12,17.16,0.37,Mortgage,Personal,1,0
L000736,49,148080,21,830,45193,12,11.61,0.43,Mortgage,Auto,1,0
L000211,36,144465,7,489,10112,12,15.93,0.68,Rent,Auto,2,1
L000511,60,75343,18,377,4078,12,16.03,0.66,Own,Auto,1,0
L000381,64,125526,14,538,19288,24,12.21,0.64,Rent,Personal,2,1
L000566,64,90415,16,615,49548,12,12.66,0.07,Mortgage,Auto,2,1
L000766,69,26875,6,304,11797,60,7.93,0.24,Rent,Business,1,1
L000325,50,115908,31,518,4837,60,9.81,0.68,Rent,Auto,0,1
L000943,24,146086,12,371,28596,24,10.31,0.32,Own,Home,2,1
L000414,41,124935,6,526,17537,60,5.59,0.38,Own,Personal,2,1
L000616,34,25310,16,480,32760,60,6.95,0.28,Own,Education,1,1
L000096,49,57779,1,488,34299,24,7.67,0.58,Rent,Auto,1,1
L000946,21,90965,31,827,41810,24,9.88,0.24,Rent,Auto,1,0
L000016,61,19685,6,447,19160,24,13.8,0.07,Own,Auto,2,0
L000220,53,107624,9,564,23916,36,12.5,0.18,Mortgage,Auto,1,1
L000708,41,74999,27,509,6871,24,13.62,0.09,Own,Personal,1,1
L000548,33,27448,17,351,30173,24,7.62,0.13,Mortgage,Business,1,1
L000970,62,92211,31,467,37447,60,7.25,0.67,Own,Home,2,1
L000135,41,39749,7,309,38317,24,6.63,0.66,Mortgage,Home,0,1
L000499,65,123117,8,484,40110,36,17.4,0.55,Own,Business,0,1
L000648,56,109607,33,816,6859,24,11.76,0.64,Mortgage,Personal,0,1
L000929,21,92473,16,526,37452,12,16.85,0.42,Mortgage,Business,1,0
L000933,57,125102,24,654,3541,24,7.03,0.79,Mortgage,Personal,0,0
L000583,53,28736,6,747,45370,36,9.01,0.66,Own,Business,0,1
L000516,60,45586,26,470,6597,60,16.32,0.47,Own,Education,2,1
L000292,66,76025,20,691,38424,24,11.89,0.74,Rent,Education,0,1
L000032,53,148772,20,626,24722,12,13.81,0.08,Mortgage,Business,0,0
L000668,49,77111,40,735,44675,60,14.68,0.51,Mortgage,Business,0,1
L000549,50,139038,4,533,9073,36,3.78,0.65,Mortgage,Auto,1,1
L000475,23,66540,26,805,31972,12,16.88,0.74,Mortgage,Home,0,1
L000527,65,135632,36,735,47036,36,9.58,0.22,Mortgage,Home,1,1
L000978,55,75234,27,462,29744,60,11.1,0.63,Rent,Education,0,1
L000346,24,66246,12,849,2571,36,9.86,0.16,Rent,Personal,1,0
L000031,40,127744,12,572,6934,60,16.83,0.68,Mortgage,Auto,1,1
L000376,40,66188,5,641,14389,60,15.43,0.78,Own,Home,0,0
L000987,51,121425,29,763,44529,12,12.21,0.07,Rent,Business,0,0
L000332,48,81448,7,785,2681,60,13.76,0.46,Rent,Personal,0,0
L000498,65,111746,36,407,46966,36,3.58,0.09,Own,Personal,1,1
L000903,54,23839,17,730,22191,12,11.18,0.59,Rent,Business,0,1
L000841,34,16660,5,578,29472,60,8.26,0.56,Own,Home,2,0
L000908,50,96448,21,762,49664,36,8.02,0.07,Own,Personal,2,1
L000705,60,92725,27,647,24748,12,11.28,0.77,Own,Education,0,1
L000300,53,73071,21,522,8339,36,4.53,0.11,Rent,Education,0,1
L000593,60,118796,28,544,28881,36,4.45,0.46,Own,Personal,2,1
L000103,40,129522,23,733,30051,36,12.15,0.6,Mortgage,Home,2,1
L000769,49,20827,30,361,13055,12,11.25,0.53,Rent,Personal,0,0
L000001,40,24096,19,733,37103,36,13.72,0.56,Own,Business,0,1
L000104,24,126727,35,409,24103,24,6.22,0.38,Rent,Home,2,1
L000080,28,89511,0,511,32551,12,9.07,0.5,Rent,Personal,0,1
L000006,33,107392,1,324,40173,24,9.98,0.6,Rent,Business,1,1
L000026,36,33865,14,427,8727,36,10.18,0.18,Rent,Business,1,1
L000235,69,139263,31,637,6622,12,9.01,0.52,Mortgage,Business,2,1
L000980,55,56414,9,849,39582,36,5.94,0.39,Own,Business,0,0
L000336,22,101423,22,492,24724,60,13.92,0.64,Mortgage,Education,0,1
L000958,34,125606,39,464,8715,12,15.05,0.32,Own,Business,0,1
L000501,59,110399,16,346,24820,12,10.11,0.55,Own,Business,2,1
L000441,62,58533,36,563,28074,24,13.38,0.45,Own,Home,1,1
L000693,55,144412,31,376,43549,36,17.9,0.31,Rent,Business,0,0
L000379,59,139151,36,489,2825,36,15.74,0.07,Rent,Business,1,1
L000573,23,82657,3,351,1596,36,4.12,0.44,Mortgage,Home,2,1
L000519,59,110728,22,640,1837,12,17.96,0.53,Mortgage,Auto,0,1
L000086,59,126292,18,745,43329,60,7.97,0.38,Rent,Personal,1,0
L000662,63,120546,37,310,20617,12,11.02,0.16,Rent,Education,0,0
L000221,58,75224,19,744,12193,24,14.67,0.14,Mortgage,Personal,0,0
L000246,25,28779,32,312,22207,60,15.8,0.26,Rent,Business,0,0
L000047,33,130393,13,516,36473,60,12.46,0.38,Own,Home,2,0
L000905,24,57606,24,430,13394,36,9.57,0.26,Rent,Business,1,0
L000758,41,80937,27,318,47496,60,7.64,0.68,Rent,Home,0,0
L000459,24,146609,25,525,10003,36,10.27,0.66,Rent,Home,0,1
L000287,53,23563,1,778,38327,12,14.0,0.07,Own,Education,0,0
L000825,27,55497,11,575,3200,24,9.6,0.41,Mortgage,Business,0,1
L000836,62,144166,0,497,45717,12,14.93,0.77,Own,Business,0,1
L000476,52,67801,27,775,26573,12,9.6,0.64,Own,Personal,0,1
L000454,21,25830,9,644,33652,12,14.51,0.06,Mortgage,Business,1,1
L000520,29,27552,8,505,3065,12,10.29,0.55,Own,Education,2,1
L000973,64,56919,30,701,1119,24,8.0,0.41,Rent,Home,0,0
L000805,65,43809,9,752,21935,12,5.28,0.13,Rent,Auto,0,0
L000941,54,51078,13,850,23671,36,11.4,0.13,Rent,Business,0,0
L000828,43,122502,11,684,32225,36,3.77,0.51,Own,Personal,0,1
L000143,52,70067,4,820,9758,60,17.12,0.66,Mortgage,Home,0,1
L000440,63,102040,23,829,16257,24,4.16,0.78,Own,Personal,2,1
L000723,44,18093,9,829,21829,36,4.69,0.36,Mortgage,Business,0,0
L000434,64,104410,37,380,35177,60,5.78,0.74,Rent,Auto,0,1
L000493,40,63435,3,699,1557,60,16.81,0.24,Own,Education,1,1
L000392,30,92910,20,371,49657,36,14.64,0.32,Mortgage,Auto,0,1
L000008,39,144602,23,587,28105,60,14.65,0.79,Rent,Auto,0,1
L000224,48,121628,33,355,43567,60,17.11,0.31,Mortgage,Personal,1,1
L000264,41,78088,18,424,26835,60,11.4,0.7,Mortgage,Education,2,1
L000303,34,98537,24,593,25568,12,4.22,0.09,Own,Auto,1,1
L000540,48,112299,11,364,8705,24,13.22,0.46,Own,Education,0,1
L000972,58,107381,17,680,29847,60,6.07,0.67,Rent,Personal,1,0
L000869,45,39400,32,468,41872,60,14.6,0.33,Mortgage,Auto,0,1
L000051,55,97775,40,404,16094,36,5.1,0.43,Mortgage,Auto,2,1
L000896,68,94254,3,494,34327,24,7.59,0.68,Rent,Home,2,1
L000337,27,97978,18,775,9383,60,6.18,0.54,Own,Personal,1,1
L000570,58,85841,11,534,24502,60,17.79,0.65,Mortgage,Auto,2,0
L000403,65,86383,33,669,48645,36,17.96,0.4,Rent,Personal,0,0
L000130,37,70834,33,669,38598,60,13.72,0.59,Own,Personal,2,1
L000592,34,38960,14,569,15050,12,8.13,0.67,Own,Home,0,1
L000949,32,106376,10,377,43397,60,17.91,0.29,Own,Auto,0,1
L000878,29,17059,31,402,7550,36,3.93,0.35,Rent,Education,0,0
L000732,27,67598,34,481,20168,36,15.09,0.28,Rent,Education,0,0
L000141,67,136432,9,772,45187,24,6.66,0.66,Rent,Personal,2,1
L000990,69,70575,1,469,28863,12,15.93,0.79,Rent,Business,1,0
L000046,45,100869,32,521,40016,12,6.39,0.35,Rent,Business,0,1
L000455,53,17599,27,744,47296,24,8.07,0.15,Mortgage,Auto,0,0
L000885,52,25508,21,772,32326,60,13.56,0.61,Rent,Personal,2,1
L000406,67,93098,0,528,29869,12,17.38,0.13,Own,Education,0,1
L000823,58,107926,28,711,34546,12,7.08,0.41,Rent,Auto,0,0
L000194,53,57015,19,643,3048,24,17.55,0.69,Own,Personal,0,0
L000795,27,44036,1,592,43222,60,15.48,0.17,Own,Personal,1,1
L000445,31,44714,22,787,5446,36,10.46,0.06,Own,Home,0,0
L000063,42,112878,5,525,9280,12,8.19,0.15,Mortgage,Auto,0,1
L000691,43,58089,0,688,41419,36,13.43,0.72,Rent,Education,0,1
L000660,50,95853,3,594,37206,60,16.43,0.19,Mortgage,Personal,0,0
L000521,23,92742,3,675,12412,60,9.49,0.53,Mortgage,Home,0,1
L000010,28,51969,22,640,4851,60,7.11,0.38,Rent,Auto,0,0
L000369,23,69944,10,435,38389,60,5.03,0.44,Mortgage,Auto,0,1
L000526,48,113233,2,447,36096,24,9.33,0.62,Rent,Home,1,1
L000849,26,143136,27,474,13728,24,12.67,0.33,Rent,Auto,0,1
L000912,60,106699,1,686,47519,24,9.63,0.12,Rent,Home,0,0
L000957,65,70510,19,766,5982,24,14.93,0.72,Mortgage,Home,0,0
L000512,34,90148,3,468,25322,60,7.66,0.36,Mortgage,Education,0,0
L000426,43,124618,7,817,11852,24,5.62,0.68,Mortgage,Personal,2,0
L000739,41,52758,0,740,43957,12,7.52,0.25,Rent,Business,2,0
L000394,69,25397,23,605,10921,36,11.09,0.26,Rent,Personal,1,1
L000100,66,142123,15,498,43348,36,6.47,0.76,Rent,Personal,0,1
L000122,40,132153,13,812,38641,36,9.22,0.63,Rent,Home,1,1
L000273,56,104492,1,800,28385,12,7.98,0.07,Mortgage,Business,2,0
L000636,36,55732,14,307,46964,60,13.97,0.12,Mortgage,Auto,2,1
L000282,21,67453,4,397,5931,36,9.57,0.28,Mortgage,Auto,1,0
L000322,21,21142,1,773,37637,24,6.26,0.72,Mortgage,Personal,2,0
L000294,67,83406,31,832,46860,36,9.07,0.6,Rent,Personal,0,1
L000247,35,146687,18,391,42122,36,7.74,0.27,Own,Personal,1,0
L000470,41,51949,21,660,16295,36,11.31,0.51,Rent,Home,2,1
L000156,27,142810,1,495,3421,24,15.56,0.64,Rent,Personal,0,0
L000963,61,16078,13,821,42067,24,11.63,0.21,Rent,Home,2,1
L000429,62,71223,32,390,9047,12,12.45,0.16,Mortgage,Education,0,1
L000169,38,79672,18,581,12218,36,10.57,0.8,Rent,Education,2,1
L000364,62,79749,38,710,24027,60,10.1,0.06,Own,Home,2,1
L000129,43,84428,4,534,3523,12,5.64,0.37,Own,Business,1,0
L000589,31,127429,9,372,2418,12,10.95,0.2,Own,Home,0,1
L000627,26,97692,20,627,45948,60,4.14,0.41,Rent,Business,0,0
L000893,44,61221,26,479,37489,60,6.47,0.56,Rent,Home,0,1
L000030,36,119140,34,480,37284,12,10.51,0.79,Rent,Education,0,0
L000500,52,31987,4,781,44632,24,11.94,0.66,Rent,Home,1,0
L000195,70,102215,2,836,34662,12,11.05,0.08,Own,Home,0,0
L000078,33,110292,29,353,4848,12,9.5,0.28,Mortgage,Home,2,1
L000448,64,91987,10,535,17172,36,14.34,0.35,Mortgage,Personal,2,1
L000019,67,126075,33,410,15922,60,10.44,0.63,Rent,Business,1,1
L000326,53,61858,16,352,1943,24,6.77,0.19,Rent,Auto,1,1
L000218,59,88062,26,407,38944,36,15.7,0.56,Rent,Personal,2,0
L000509,48,62187,7,432,36337,36,9.43,0.48,Own,Auto,0,1
L000954,58,31633,37,551,35385,60,7.83,0.24,Own,Home,1,1
L000956,39,28207,11,393,11727,24,16.01,0.62,Rent,Education,1,1
L000477,50,138410,40,434,16705,24,10.55,0.72,Rent,Auto,2,1
L000811,50,91547,17,521,43381,60,11.87,0.64,Own,Business,0,0
L000164,35,113956,27,594,46342,60,12.7,0.67,Own,Education,1,0
L000834,52,24599,16,489,7390,36,13.97,0.76,Rent,Personal,0,1
L000608,48,140444,23,684,46798,36,12.39,0.16,Mortgage,Home,0,0
L000977,65,30847,5,464,38799,12,13.23,0.51,Own,Personal,2,0
L000340,37,66248,1,802,47669,60,3.26,0.62,Rent,Business,0,0
L000420,55,18937,6,710,41124,36,17.39,0.44,Rent,Personal,0,0
L000685,61,50311,5,517,27491,36,5.54,0.78,Mortgage,Education,0,0
L000735,25,93311,30,481,20130,24,12.24,0.69,Rent,Auto,2,0
L000203,50,111257,19,541,1278,12,5.65,0.09,Mortgage,Education,1,1
L000069,58,139437,38,683,40541,36,9.34,0.74,Own,Auto,0,0
L000034,29,45335,1,547,7800,24,3.38,0.64,Rent,Business,2,0
L000917,60,100037,31,678,13101,60,17.73,0.1,Mortgage,Home,1,0
L000073,33,23907,6,783,4114,60,6.83,0.77,Own,Home,1,0
L000230,53,51350,20,345,13480,36,10.03,0.44,Mortgage,Business,0,0
L000190,26,69156,7,829,20214,24,8.74,0.55,Mortgage,Business,2,1
L000945,37,25856,16,524,31920,36,13.75,0.59,Rent,Education,0,0
L000518,37,78248,31,411,17941,36,9.26,0.18,Own,Personal,0,1
L000595,47,19427,13,706,31722,60,6.2,0.27,Rent,Business,0,0
L000558,54,131471,14,572,35855,60,5.35,0.51,Mortgage,Home,0,0
L000367,23,37324,18,731,35340,12,15.66,0.24,Own,Business,0,0
L000182,68,139940,36,374,28671,60,16.35,0.42,Own,Personal,2,1
L000202,31,37493,21,623,19396,12,16.55,0.39,Own,Business,0,0
L000792,33,66915,0,730,45442,24,14.52,0.7,Mortgage,Business,0,1
L000910,41,142404,31,752,7782,36,10.72,0.23,Mortgage,Home,0,0
L000694,45,87136,6,758,15761,60,12.93,0.51,Rent,Business,1,1
L000157,41,112749,11,821,36638,12,9.08,0.44,Mortgage,Auto,2,0
L000092,64,110125,21,424,25569,24,7.97,0.6,Own,Auto,1,0
L000729,59,105982,28,776,12343,12,15.15,0.63,Own,Auto,2,1
L000993,58,47232,5,444,20551,12,6.93,0.72,Mortgage,Education,0,1
L000427,64,88188,38,818,32321,60,7.77,0.71,Own,Auto,2,1
L000569,49,121247,38,850,7143,36,4.59,0.54,Rent,Education,0,1
L000003,59,59861,22,810,41554,24,8.32,0.25,Mortgage,Auto,0,0
L000848,43,37270,6,845,19314,60,7.91,0.27,Rent,Auto,0,0
L000095,66,126576,7,834,33771,60,17.27,0.65,Mortgage,Personal,2,1
L000653,50,117606,19,840,9852,36,9.84,0.19,Rent,Education,2,1
L000816,44,119778,18,816,20837,24,7.76,0.12,Own,Personal,0,0
L000753,28,42011,23,686,45218,24,3.51,0.8,Rent,Home,2,1
L000119,68,20054,23,731,12832,24,14.14,0.44,Own,Auto,0,0
L000418,29,96897,29,327,17414,36,16.73,0.16,Rent,Education,0,1
L000598,70,124625,15,691,5906,12,16.45,0.73,Rent,Business,1,0
L000862,25,98133,19,586,28387,60,6.09,0.68,Mortgage,Personal,1,1
L000952,25,139820,13,688,30208,36,12.73,0.36,Own,Business,0,0
L000560,66,90493,35,374,42432,36,15.11,0.77,Own,Personal,0,1
L000179,33,28695,17,626,30409,60,11.93,0.66,Own,Home,0,0
L000674,44,54059,39,453,3685,60,14.88,0.05,Own,Business,1,1
L000783,39,36549,15,643,30838,12,9.42,0.48,Own,Business,0,0
L000013,66,44759,5,712,6224,24,16.91,0.6,Rent,Home,1,1
L000988,68,35037,3,761,40023,36,6.6,0.53,Rent,Business,0,1
L000317,55,131313,5,844,22356,60,11.21,0.24,Mortgage,Business,0,0
L000997,69,59569,14,368,8642,24,10.77,0.2,Own,Personal,0,1
L000738,58,96314,4,813,29701,12,5.36,0.42,Own,Business,2,1
L000692,22,97844,40,461,9492,24,5.37,0.75,Mortgage,Personal,0,0
L000983,56,22912,6,554,41702,12,16.04,0.34,Rent,Business,1,0
L000228,59,21525,12,695,30092,12,7.73,0.08,Own,Education,0,0
L000840,36,64951,30,507,3137,60,10.02,0.63,Mortgage,Business,2,1
L000479,44,104086,18,345,41885,12,13.66,0.05,Own,Auto,0,0
L000068,28,69344,33,570,48809,24,7.21,0.15,Mortgage,Business,2,1
L000829,32,126019,24,304,21627,12,14.23,0.79,Own,Auto,1,1
L000167,26,30966,26,502,26276,36,12.82,0.23,Mortgage,Education,0,0
L000456,59,50373,13,385,4736,60,10.37,0.34,Rent,Home,0,0
L000175,31,146432,26,662,42900,12,11.55,0.28,Mortgage,Education,0,0
L000304,56,76019,33,727,18394,36,5.8,0.1,Own,Business,0,0
L000591,24,45478,26,771,5330,24,6.41,0.78,Rent,Personal,0,1
L000579,23,92426,6,782,24340,24,8.92,0.45,Mortgage,Business,0,0
L000339,38,42697,29,492,31987,24,4.19,0.27,Rent,Home,0,1
L000347,23,99216,27,834,18694,12,10.54,0.51,Rent,Education,0,0
L000077,68,145093,12,410,20957,60,15.81,0.64,Own,Business,2,1
L000027,29,45597,38,423,4193,12,13.83,0.41,Own,Personal,0,1
L000918,61,54447,19,721,13670,60,15.37,0.09,Mortgage,Education,2,1
L000845,28,41044,24,475,17897,24,9.05,0.13,Mortgage,Home,2,0
L000731,38,129175,10,460,31463,24,13.77,0.17,Mortgage,Auto,2,1
L000112,32,130255,4,733,11102,60,14.11,0.07,Rent,Auto,2,1
L000776,23,83883,37,448,33906,12,11.27,0.62,Rent,Personal,2,1
L000237,25,119119,18,419,11136,24,5.63,0.08,Rent,Home,0,1
L000217,53,131729,24,573,44036,12,7.08,0.27,Own,Home,0,1
L000924,38,87938,6,668,21140,12,6.03,0.64,Mortgage,Education,1,1
L000931,47,96975,4,390,43343,36,14.15,0.74,Rent,Education,2,1
L000773,70,76450,26,370,3363,12,17.93,0.52,Mortgage,Business,1,1
L000071,23,135954,20,760,33523,24,15.04,0.25,Rent,Education,2,1
L000066,42,138821,20,818,34858,36,15.67,0.33,Mortgage,Personal,0,0
L000145,58,50630,21,375,36215,36,14.27,0.74,Mortgage,Home,1,0
L000494,36,117093,35,536,36995,24,10.82,0.65,Mortgage,Personal,2,1
L000219,64,32388,21,418,26374,24,4.02,0.27,Rent,Business,2,0
L000014,36,101452,23,625,1523,36,8.36,0.42,Mortgage,Business,0,0
L000850,50,110591,35,569,28948,36,7.5,0.76,Rent,Home,0,1
L000832,31,62116,5,496,34066,12,11.91,0.57,Rent,Business,1,1
L000018,24,66993,28,517,33802,36,5.15,0.3,Rent,Home,2,1
L000594,21,123225,5,365,5903,12,12.99,0.48,Mortgage,Education,1,1
L000480,65,17386,18,447,11465,60,13.83,0.33,Mortgage,Personal,0,0
L000053,29,25097,27,674,35286,24,5.04,0.27,Mortgage,Home,0,0
L000338,25,133084,3,485,30321,24,13.75,0.38,Own,Auto,1,1
L000672,30,145221,31,420,44838,24,4.69,0.09,Own,Business,0,1
L000151,56,68677,7,359,40256,60,11.11,0.07,Own,Education,2,1
L000358,54,39496,35,586,26920,12,4.52,0.06,Rent,Personal,0,0
L000081,66,95663,6,491,42618,60,17.09,0.63,Mortgage,Business,0,1
L000313,63,35111,33,490,32531,24,10.01,0.5,Mortgage,Auto,0,1
L000266,39,53068,10,362,10663,60,16.41,0.27,Rent,Home,0,0
L000506,70,85229,39,398,13480,24,16.72,0.18,Own,Personal,0,1
L000613,25,50112,0,450,26780,60,9.09,0.49,Mortgage,Education,0,1
L000076,52,148140,22,481,4196,12,12.84,0.29,Rent,Home,1,0
L000926,61,101332,35,475,44081,24,8.92,0.76,Rent,Home,0,1
L000366,56,135666,25,450,40574,12,17.76,0.07,Own,Auto,1,0
L000173,21,64945,26,549,45868,24,7.32,0.68,Own,Auto,1,1
L000671,23,80445,31,558,29514,60,10.98,0.76,Own,Business,0,0
L000959,55,92207,22,621,4870,12,5.44,0.56,Own,Home,0,0
L000222,65,146301,7,441,38714,24,5.08,0.47,Rent,Personal,0,0
L000666,60,43833,14,844,7284,12,8.75,0.53,Own,Home,1,0
L000279,25,61294,30,776,5450,36,7.06,0.15,Own,Business,0,0
L000761,26,121151,3,560,29897,12,16.13,0.67,Own,Home,0,1
L000242,29,38718,15,671,38088,60,5.98,0.34,Own,Education,0,0
L000398,41,53882,38,802,13973,24,15.01,0.8,Mortgage,Personal,0,0
L000435,63,136584,15,417,46719,60,17.74,0.31,Rent,Auto,1,1
L000625,51,93758,33,760,9708,24,16.5,0.16,Rent,Education,2,0
L000505,37,135423,33,604,20107,12,13.84,0.79,Own,Education,0,0
L000489,70,141506,9,377,6456,36,15.22,0.74,Rent,Business,1,1
L000415,36,142810,0,595,5774,36,7.28,0.5,Rent,Auto,0,0
L000567,25,138758,31,371,46222,60,5.59,0.45,Rent,Business,0,0
L000984,56,136178,37,768,49641,60,3.47,0.09,Own,Personal,2,1
L000024,36,122065,8,473,1086,60,3.55,0.56,Mortgage,Auto,0,1
L000374,47,129554,16,425,16212,36,15.18,0.42,Own,Home,1,1
L000419,42,72254,11,415,40707,12,3.04,0.79,Mortgage,Auto,0,1
L000297,64,44193,1,799,30629,60,6.31,0.09,Rent,Home,0,0
L000189,39,60227,30,413,12489,60,8.16,0.41,Mortgage,Home,2,1
L000004,46,56283,39,471,48565,24,15.88,0.65,Own,Business,0,1
L000622,44,82253,20,754,14348,60,17.63,0.37,Mortgage,Home,0,0
L000327,67,47892,35,417,18579,60,10.9,0.54,Rent,Home,0,1
L000395,50,109134,25,599,19413,12,7.25,0.58,Rent,Education,2,1
L000656,21,76279,9,534,28536,36,13.95,0.77,Own,Personal,2,1
L000054,55,128726,26,773,46079,36,9.38,0.76,Own,Home,2,1
L000033,32,119821,31,779,22485,24,7.25,0.39,Own,Home,2,1
L000847,27,100381,40,465,43771,24,4.7,0.17,Own,Business,0,1
L000431,21,19497,0,438,41158,12,7.59,0.18,Mortgage,Auto,0,0
L000110,37,77114,14,756,26626,12,15.3,0.76,Own,Business,0,1
L000049,67,85887,36,589,7476,24,6.57,0.28,Mortgage,Personal,1,0
L000881,68,76910,40,787,8150,12,8.25,0.13,Rent,Education,0,0
L000617,43,72168,35,416,12679,60,6.53,0.09,Rent,Personal,2,1
L000767,27,100759,29,840,49190,24,9.34,0.34,Own,Business,0,0
L000064,44,149880,8,700,17355,12,6.36,0.47,Own,Personal,1,0
L000709,27,57157,2,574,1965,60,16.46,0.65,Own,Business,1,0
L000561,53,80604,40,769,24973,36,9.9,0.41,Mortgage,Home,0,0
L000097,54,64196,22,628,47126,24,11.16,0.36,Rent,Business,0,0
L000843,56,77665,28,420,6567,24,9.39,0.33,Mortgage,Education,1,1
L000937,44,40543,24,597,32204,24,13.84,0.62,Rent,Personal,0,0
L000155,38,66024,21,746,10548,60,14.59,0.39,Own,Education,0,0
L000557,22,144226,13,824,9103,12,12.73,0.72,Mortgage,Home,0,1
L000830,38,100545,4,331,39777,60,4.66,0.68,Mortgage,Auto,1,1
L000350,47,69813,11,355,26296,12,10.81,0.7,Own,Home,0,1
L000790,44,56727,26,367,6774,12,3.55,0.18,Rent,Education,0,1
L000842,24,15581,7,476,15274,36,8.93,0.11,Rent,Business,2,1
L000588,38,37061,38,506,26001,60,10.32,0.13,Rent,Home,2,1
L000536,25,127958,9,632,41112,12,6.41,0.23,Own,Education,2,1
L000306,51,144883,23,781,3126,60,3.17,0.4,Own,Auto,2,1
L000059,21,84230,37,322,36517,24,17.01,0.64,Own,Education,0,0
L000121,62,147490,23,502,30578,36,10.02,0.4,Rent,Auto,0,1
L000962,36,102494,40,617,25911,12,15.48,0.52,Own,Business,1,0
L000288,53,113721,22,582,20736,24,6.49,0.73,Mortgage,Auto,1,1
L000772,68,89132,16,810,11433,24,3.18,0.2,Mortgage,Business,0,0
L000384,42,45658,15,301,31358,24,15.74,0.28,Mortgage,Auto,2,1
L000894,53,39843,26,620,42443,12,9.44,0.71,Mortgage,Personal,2,1
L000253,68,145814,21,360,35743,12,5.43,0.38,Rent,Personal,1,0
L000751,55,59849,5,462,18789,36,14.86,0.13,Own,Auto,0,0
L000043,52,59272,17,758,20768,12,12.96,0.77,Mortgage,Auto,1,1
L000396,38,59219,29,414,27706,12,10.44,0.63,Own,Personal,2,1
L000162,61,120247,13,641,8375,12,5.96,0.76,Own,Business,1,1
L000148,70,144217,32,757,28877,12,13.73,0.38,Own,Home,1,1
L000383,69,123048,26,391,14189,60,5.25,0.22,Own,Business,1,0
L000433,51,98453,30,746,31265,24,12.93,0.48,Rent,Education,2,0
L000883,69,81526,40,655,16338,24,11.65,0.71,Own,Business,1,1
L000916,27,72020,32,335,27050,12,12.38,0.63,Own,Home,2,1
L000286,47,136692,37,715,48505,24,3.95,0.69,Mortgage,Personal,0,1
L000249,64,91177,25,787,32262,12,6.82,0.64,Mortgage,Personal,1,1
L000481,36,41532,8,455,14096,60,9.62,0.27,Mortgage,Personal,0,1
L000276,49,114120,31,343,27468,36,13.6,0.55,Rent,Education,0,1
L000572,33,31856,15,380,6760,60,12.33,0.39,Own,Home,0,1
L000675,48,64417,2,743,29354,12,9.58,0.41,Rent,Auto,0,0
L000204,24,89850,38,759,10898,60,8.49,0.46,Rent,Auto,0,0
L000089,37,100991,23,514,46175,60,17.97,0.1,Mortgage,Personal,2,1
L000635,31,133931,24,527,36323,12,11.48,0.1,Mortgage,Auto,0,1
L000011,49,108998,18,483,8235,60,3.37,0.34,Mortgage,Home,0,0
L000070,66,130691,38,722,41397,12,9.11,0.34,Mortgage,Business,0,0
L000999,46,116307,37,757,47724,12,10.98,0.38,Mortgage,Personal,0,0
L000964,21,57208,29,338,30949,60,17.18,0.6,Mortgage,Education,0,1
L000471,22,32593,36,327,25361,36,12.21,0.65,Rent,Personal,0,1
L000091,32,105000,7,517,30457,60,11.93,0.07,Own,Auto,0,1
L000515,35,64515,5,638,18938,60,4.85,0.45,Rent,Auto,2,0
L000240,25,63070,1,426,40214,24,4.38,0.45,Mortgage,Auto,0,1
L000277,46,73124,17,798,5587,60,6.58,0.73,Rent,Education,2,0
L000632,70,65714,38,742,39998,12,8.61,0.25,Own,Education,0,0
L000255,30,33344,4,849,17680,12,12.54,0.46,Mortgage,Personal,1,1
L000174,24,57877,27,703,42928,24,8.26,0.51,Own,Auto,0,1
L000596,49,38053,33,710,8358,12,8.14,0.51,Own,Auto,0,1
L000280,45,88899,25,694,12374,24,13.12,0.09,Mortgage,Home,1,1
L000205,32,65794,11,771,9480,36,9.22,0.8,Rent,Auto,0,1
L000373,59,73655,26,346,10741,24,15.46,0.06,Own,Personal,0,0
L000241,53,124994,15,837,4812,36,5.81,0.26,Own,Personal,1,1
L000370,27,124440,18,562,9973,24,13.64,0.79,Mortgage,Education,2,1
L000183,65,109547,15,635,19249,12,6.63,0.08,Rent,Auto,0,0
L000449,37,85006,6,600,47426,12,4.72,0.35,Mortgage,Auto,0,0
L000375,33,92020,30,841,37637,24,12.17,0.41,Mortgage,Business,0,0
L000458,42,28445,4,686,7959,24,5.05,0.06,Own,Auto,1,0
L000680,30,143135,1,386,11802,12,9.54,0.1,Mortgage,Home,0,1
L000537,67,18289,13,803,35363,12,10.09,0.73,Rent,Home,2,0
L000330,41,146615,17,685,28172,60,11.77,0.75,Own,Personal,1,1
L000301,55,128145,25,669,36044,12,7.08,0.57,Mortgage,Auto,2,0
L000199,41,90557,38,524,29915,24,6.74,0.77,Own,Home,0,1
L000391,38,43791,23,627,19433,12,10.14,0.07,Rent,Home,1,0
L000088,24,146689,29,509,15690,60,5.47,0.79,Own,Business,2,1
L000289,21,57078,33,807,47234,24,15.4,0.37,Mortgage,Business,0,0
L000497,33,149429,24,321,35618,60,4.65,0.21,Mortgage,Home,2,1
L000629,57,104353,10,720,3340,60,13.95,0.65,Rent,Home,2,1
L000628,30,20501,1,651,17988,12,11.67,0.8,Own,Personal,0,0
L000947,29,78722,16,355,7521,60,9.15,0.76,Own,Auto,1,0
L000780,53,90178,34,691,35001,24,15.58,0.14,Own,Auto,0,0
L000820,68,55562,15,849,23559,12,7.4,0.19,Rent,Auto,0,0
L000543,69,142544,9,320,6459,36,8.84,0.38,Mortgage,Auto,2,1
L000715,26,117926,4,499,39636,12,6.59,0.08,Own,Personal,2,1
L000863,55,64133,22,781,22648,60,11.22,0.68,Rent,Business,0,1
L000724,32,138985,21,535,1440,36,3.31,0.52,Rent,Education,1,1
L000584,29,47969,1,663,15661,60,15.13,0.23,Rent,Personal,0,0
L000650,69,149173,16,371,40911,24,16.5,0.55,Own,Home,2,0
L000640,50,100616,34,538,46138,60,11.52,0.53,Mortgage,Auto,0,1
L000801,61,132405,38,720,25949,24,13.27,0.1,Mortgage,Business,2,1
L000128,29,102447,8,365,10973,36,4.09,0.06,Mortgage,Personal,1,0
L000212,60,91691,4,322,19267,36,6.03,0.63,Rent,Auto,1,1
L000234,58,47772,9,826,30351,24,11.75,0.56,Own,Personal,0,1
L000833,25,64385,10,748,40562,36,14.92,0.11,Own,Education,0,0
L000320,38,144493,15,642,21969,24,7.64,0.56,Mortgage,Education,0,1
L000683,49,60914,7,849,4224,12,7.97,0.57,Own,Home,1,0
L000700,65,21095,14,349,16048,36,12.39,0.68,Own,Home,0,1
L000611,25,91420,2,778,38436,60,3.8,0.15,Own,Business,0,0
L000044,42,40170,28,488,49478,36,5.49,0.29,Own,Auto,1,1
L000895,42,58802,5,785,37378,12,17.17,0.79,Rent,Education,2,0
L000587,54,34325,8,767,31197,60,10.65,0.63,Own,Education,0,1
L000473,48,107192,10,597,33364,12,14.66,0.52,Mortgage,Personal,2,1
L000411,43,76113,2,669,47916,36,13.52,0.48,Mortgage,Home,1,1
L000210,30,21245,28,720,20328,60,9.27,0.28,Own,Education,0,0
L000150,29,123713,28,333,38483,36,16.67,0.13,Mortgage,Auto,0,1
L000682,25,93338,4,604,7921,36,11.32,0.17,Own,Education,1,1
L000029,59,75077,9,787,32497,60,4.28,0.74,Own,Education,1,1
L000252,27,75053,12,321,43592,12,12.93,0.16,Rent,Education,1,0
L000436,63,84828,21,464,10640,12,5.59,0.08,Own,Home,1,0
L000626,69,38114,37,773,27108,36,8.93,0.56,Rent,Business,1,0
L000329,51,26030,27,815,39068,24,9.79,0.57,Mortgage,Personal,0,1
L000181,59,75786,33,542,45837,36,10.28,0.16,Own,Personal,0,1
L000603,25,141202,1,687,16981,12,7.21,0.11,Rent,Personal,0,0
L000467,64,20955,16,497,45665,36,5.54,0.22,Rent,Education,2,0
L000510,32,142999,36,668,38728,36,7.0,0.48,Rent,Business,2,1
L000495,30,91511,32,798,28563,60,16.65,0.09,Own,Home,0,0
L000132,25,35915,8,790,5347,60,5.14,0.55,Own,Personal,1,1
L000821,63,114575,12,771,31957,24,11.91,0.64,Own,Auto,2,0
L000913,60,44125,23,831,10153,60,5.11,0.39,Own,Personal,2,1
L000755,63,40857,32,435,23234,36,7.44,0.09,Own,Personal,2,1
L000171,60,130112,1,756,34133,24,8.93,0.76,Mortgage,Business,0,1
L000342,39,55816,5,498,19609,12,9.82,0.64,Rent,Personal,0,1
L000528,27,83184,30,803,19221,36,11.51,0.73,Rent,Auto,1,0
L000695,63,122505,9,808,6162,24,11.23,0.7,Mortgage,Auto,0,0
L000461,68,38459,34,762,17983,60,6.78,0.55,Mortgage,Auto,0,1
L000710,41,127050,32,665,35517,36,3.8,0.31,Rent,Business,0,0
L000201,37,56501,1,744,43778,60,3.19,0.65,Rent,Personal,2,0
L000193,53,34389,35,837,10916,60,12.2,0.74,Rent,Auto,1,1
L000727,24,62353,27,657,18834,60,12.22,0.17,Mortgage,Personal,0,0
L000120,29,63854,17,702,41125,60,3.83,0.65,Rent,Business,0,1
L000915,28,124348,11,592,36827,36,15.46,0.28,Own,Business,2,1
L000244,54,75208,12,828,16609,60,6.62,0.45,Own,Education,0,0
L000037,69,111535,35,535,14974,24,17.18,0.6,Own,Auto,2,1
L000994,55,84662,26,470,16039,60,14.67,0.74,Mortgage,Personal,2,0
L000581,41,27791,18,324,24901,12,12.43,0.13,Mortgage,Personal,1,0
L000770,52,148155,21,700,19610,60,6.81,0.61,Mortgage,Home,0,0
L000348,40,95012,37,543,31457,36,10.88,0.72,Rent,Personal,0,0
L000768,22,107076,7,767,33659,60,11.39,0.17,Mortgage,Auto,0,0
